"Tuy hÃ ng mÃ£ VN/A luÃ´n trong tÃ¬nh tráº¡ng chÃ¡y hÃ ng, cÃ¡c Store chá»‰ bÃ¡n cho khÃ¡ch cá»c vá»›i giÃ¡ 32-33tr. TrÃªn app Tiki bÃ¡o háº¿t hÃ ng liÃªn tá»¥c mÃ¬nh khÃ¡ bá»±c mÃ¬nh nhÆ°ng cá»© 1 vÃ i tiáº¿ng Tiki láº¡i cáº­p nháº­t láº¡i tá»“n kho nÃªn cÅ©ng mua Ä‘Æ°á»£c. Äáº·t 10h30 sÃ¡ng 11h30 nháº­n hÃ ng, giao siÃªu nhanh. Tiki cÃ²n cáº©n tháº­n niÃªm phong thÃªm báº±ng Tem cá»§a Tiki. MÃ¬nh mua vá»›i giÃ¡ 33.990K nhÆ°ng Ã¡p dá»¥ng Coupon 2tr (thá»±c táº¿ lÃ  1tr5 vÃ¬ mua coupon vá»›i giÃ¡ 500K) + Tháº» TÃ­n dá»¥ng Sacombank giáº£m thÃªm 3tr (giáº£m tháº³ng 2tr, cashback 1tr). Tá»•ng thiá»‡t háº¡i 29.490K vÃ  Ä‘Æ°á»£c nháº­n mÃ¡y sá»›m trong ngÃ y 27.11. Tiki khÃ¡ tÃ¢m lÃ½ khi táº·ng thÃªm 1 Cá»§ sáº¡c Anker. MÃ¬nh Ä‘Ã£ mua cá»§ 20W cá»§a Iphone nhÆ°ng cá»§ mÃ  Tiki táº·ng sáº½ Ä‘á» phÃ²ng nhá»¯ng lÃºc quÃªn mang.",1
"HÃ ng chÃ­nh hÃ£ng mÃ£ VN, mÃ¬nh mua trÆ°á»›c 27.11 giÃ¡ 31tr, giÃ¡ cÅ©ng táº¡m cháº¥p nháº­n Ä‘Æ°á»£c, khÃ´ng biáº¿t cÃ³ tá»± Ä‘á»™ng kÃ­ch hoáº¡t Ä‘iá»‡n tá»­ hay pháº£i tá»± kÃ­ch hoáº¡t. MÃ u xanh Ä‘áº¹p láº¯m, mÃ u tráº¯ng cháº¯c cÅ©ng Ä‘áº¹p nhÆ°ng mÃ¬nh sá»£ 12 Pro Max mÃ u tráº¯ng nhÃ¬n to nÃªn láº¥y mÃ u xanh cho Ä‘Ãºng báº£n 12 pro max",1
"Many thank tiki, mÃ¬nh mua theo dáº¡ng Ä‘áº·t trÆ°á»›c, Ä‘áº·t 16/11/2020, tiki háº¹n 30/11/2020 giao, Ä‘áº¿n 27/11/2020 mÃ¬nh nháº­n mÃ¡y, kiá»ƒm tra báº£o hÃ nh Ä‘áº¿n 26/11/2021. GiÃ¡ ráº» hÆ¡n bÃªn ngoÃ i 6 triá»‡u, Ä‘Æ°á»£c táº·ng kÃ¨m dock sáº¡c anker. MÃ¬nh tháº¥y quÃ¡ tá»‘t.",1
"HÃ ng chÃ­nh hÃ£ng , nguyÃªn siÃªu . Tiki giao hÃ ng nhanh . ÄÆ°á»£c táº·ng cá»¥c sáº¡c Anker nhá» xinh mÃ  sáº¡c ráº¥t nhanh. Chá»n Ä‘Æ°á»£c mÃ u há»£p Ã½ . Bá»¯a giá» sá»­ dá»¥ng tháº¥y pin trÃ¢u hÆ¡n Ä‘iá»‡n thoáº¡i android nhiá»u láº¯m. Äáº·c biá»‡t lÃ  giÃ¡ Tiki ráº» hÆ¡n nhiá»u chá»— khÃ¡c náº¿u Ã¡p dá»¥ng tháº» tÃ­n dá»¥ng phÃ¹ há»£p.",1
"MÃ¬nh Ä‘áº·t Ä‘Æ°á»£c báº£n mÃ u Gold - dÃ¹ Ä‘á»£t nÃ y lÃ  chÃ¡y hÃ ng mÃ u nÃ y. SÃ¡ng vÃ o check tháº¥y chá»‰ cÃ³ báº£n mÃ u xanh dÆ°Æ¡ng, F5 vÃ i láº§n Ä‘Ãºng lÃºc Tiki cáº­p nháº­t sáº£n pháº©m tháº¿ lÃ  Ä‘áº·t luÃ´n. NÃ³i chung quÃ¡ hÃ i lÃ²ng, giÃ¡ tá»‘t, hÃ ng thÃ¬ quÃ¡ chuáº©n khÃ´ng pháº£i bÃ n rá»“i. Äáº·t hÃ ng tá»« trÆ°a thá»© 2, trÆ°a thá»© 5 nháº­n Ä‘Æ°á»£c, do hÃ ng chuyá»ƒn tá»« TP.HCM ra HÃ  Ná»™i HÆ¡i buá»“n xÃ­u lÃ  Ä‘Æ°á»£c táº·ng kÃ¨m cá»§ sáº¡c Anker 18W chá»© khÃ´ng pháº£i 20W.",1
"Order Tiki giao nhanh trong má»™t ná»‘t nháº¡c, giÃ¡ ngon hÆ¡n order bÃªn ngoÃ i mÃ  cÃ²n cÃ³ mÃ¡y liá»n tay vÃ  Ä‘Æ°á»£c táº·ng thÃªm cá»¥c sáº¡c 20w sá»‹n xÃ². Tiki quÃ¡ tuyá»‡t vá»i, 10/10â¤ï¸",1
"Nháº­n hÃ ng nhanh nhÆ° tia chá»›p, Ä‘áº·t lÃºc 10h35 mÃ  11h50 shipper gá»i nháº­n hÃ ng rá»“i... hÃ ng check chuáº©n, Ä‘Ã³ng gÃ³i cÃ³ seal TIKI...láº¡i Ä‘c giáº£m giÃ¡ thanh toÃ¡n... ngon lÃ nh luÃ´n ğŸ¥°ğŸ¥°ğŸ¥°ğŸ¥°ğŸ¥°ğŸ¥°",1
Má»›i mua sÃ¡ng nay. Giáº£m hÆ¡n 1 tr so vá»›i giÃ¡ cá»§a ngÃ y hÃ´m qua cá»™ng vá»›i cÃ³ tháº» sacombank giáº£m thÃªm 2tr ná»¯a tá»•ng cá»™ng lÃ  3 tr. ÄÃºng lÃ  khÃ´ng mua ngÃ y hÃ´m qua lÃ  sÃ¡ng suÃ´t kaka,1
MÃ¬nh mua Ä‘Æ°á»£c giáº£m 2 triá»‡u sacombank nÃªn tÃ­nh ra same same viettel mÃ  tiki láº¡i sáºµn hÃ ng. Ráº¥t hÃ i lÃ²ng vá»›i tiki. Tiki táº·ng kÃ¨m sáº¡c anker. Service tá»‘t.,1
"Giao hÃ ng nhanh, giÃ¡ ráº», tá»± nhiÃªn mÃ¬nh add tháº» VIB vÃ´ Ä‘á»ƒ tráº£ gÃ³p 12 thÃ¡ng thÃ¬ Ä‘Æ°á»£c giáº£m thÃªm 2 tr. TÃ­nh ra 31t thÃ´i mÃ  mÃ u gold, cÃ³ hÃ ng sá»›m. CÃ¡m Æ¡n Tiki nhÃ¬u nhÃ¬u",1
"má»i thá»© Ä‘á»u tá»‘t tá»« chÆ°Æ¡ng trÃ¬nh, Ä‘áº¿n tráº£i nghiá»‡m mua hÃ ng trong 30 s, giao hÃ ng trong 6 ná»‘t nháº¡c ! Chá»‰ khá»• ná»—i nhanh quÃ¡ lÃ m há»› hÃªnh Ä‘áº·t xanh thÃ nh xÃ¡m... buá»“n ko muá»‘n má»Ÿ há»™p luÃ´n.",0
"Giao hÃ ng nhanh! mÃ¬nh á»Ÿ biÃªn hoÃ , 28/11 cÃ³ hÃ ng rá»“i! mÃ¬nh cá»© nghÄ© Ä‘á»£i lÃ¢u nhÆ° bÃªn laza hay cÃ¡c store bÃ¡o Ä‘áº¿n giá»¯a thÃ¡ng 12 trá»Ÿ Ä‘i má»›i giao",1
"Ship hÃ ng cÅ©ng tÆ°Æ¡ng Ä‘á»‘i nhanh, gáº§n 3 ngÃ y thÃ¬ tá»›i. HÃ ng Ä‘Ãºng nhÆ° mÃ´ táº£, nguyÃªn seal. Tuy nhiÃªn cá»¥c sáº¡c táº·ng Anker thÃ¬ cÃ³ dáº¥u hiá»‡u bÃ³c seal ra rá»“i, dÃ¹ sao lÃ  hÃ ng táº·ng nÃªn cÅ©ng cáº£m Æ¡n.",0
"Giao hÃ ng nhanh hÆ¡n mong Ä‘á»£i, Ä‘Ã£ mua 2 chiáº¿c iphone dÃ²ng cao cáº¥p nháº¥t táº¡i Tiki vÃ  mong tiki luÃ´n uy tÃ­n nhÆ° váº­y.",1
"Do á»Ÿ hÃ  ná»™i nÃªn giao hÃ ng tá»« SGN ra máº¥t 4 ngÃ y, vá» cháº¥t lÆ°á»£ng sáº£n pháº©m thÃ¬ ráº¥t Æ°ng hÃ n chÃ­nh hÃ£ng ,Ä‘Ã³ng gÃ³i cháº¯c cháº¯n",1
"Sáº£n pháº©m tá»‘t chuáº©n, tiki lÃ m viá»‡c chuyÃªn nghiá»‡p, tÃ´i ráº¥t hÃ i lÃ²ng. Hiá»‡n táº¡i ng nhÃ  ráº¥t hay nhá» tÃ´i mua há»™ vÃ¬ Ä‘c ráº» vÃ  tá»‘t. TÃ´i luÃ´n chá»n tiki!",1
"Sáº£n pháº©m ok, Tiki giao cá»±c nhanh. ÄÆ°á»£c táº·ng kÃ¨m cá»¥c sáº¡c nhanh ráº¥t xá»‹n xÃ². Tiki tá»± Ä‘á»™ng chuyá»ƒn qua tráº£ gÃ³p Ä‘á»‘i vá»›i cÃ¡c loáº¡i tháº» luÃ´n nhÃ©",1
"HÃ ng chÃ­nh hÃ£ng, nguyÃªn siu vÃ  Ä‘Ã³ng gÃ³i cáº©n tháº­n, giao hÃ ng siÃªu nhanh. HÃ ng Tiki Ä‘Ãºng chuáº©n men.",1
"Giao hÃ ng ráº¥t nhanh, mÃ¡y mÆ°á»£t xÃ i á»•n Ä‘á»‹nh, mua bÃªn fpt Ä‘á»£t cá»c Ä‘áº§u 30.900k, nhÆ°ng tiki cÃ³ giáº£m 400k váº«n vui",1
KhÃ´ng tháº¥y coupon mua á»‘p UAG,2
"Giao nhanh ,tiá»‡n lá»£i giÃ¡ ko Ä‘Æ°á»£c giam nÃªn hÆ¡i cao",0
"HÃ ng Ä‘áº¹p chÃ­nh hÃ£ng, Ä‘áº·t hÃ ng sau 1 tuáº§n chá» Ä‘á»£i tá»« HÃ  Ná»™i.. cuá»‘i cÃ¹ng cÅ©ng vá».. !!",0
"Giao hÃ ng hÆ¡i lÃ²ng vÃ²ng mÃ£i má»›i nháº­n Ä‘Æ°á»£c, sáº£n pháº©m ok chÃ­nh hÃ£ng.",0
"Giao hÃ ng ráº¥t nhanh, tiki cÃ³ bá»• sung thÃªm seal an toÃ n nÃªn yÃªn tÃ¢m hÆ¡n. YÃªn tÃ¢m vá» cháº¥t lÆ°á»£ng cá»§a Tiki Trading",1
"Tiki giao hÃ ng Ä‘Ãºng háº¹n,Ä‘iá»‡n thoáº¡i Ä‘áº¹p mÃ¬nh ráº¥t thÃ­ch.",1
Giao hÃ ng sá»›m hÆ¡n dá»± kiáº¿n. HÃ ng chuáº©n mÃ£ VN/A. Láº§n thá»© hai mua iPhone trÃªn Tiki. GiÃ¡ tá»‘t. Xá»©ng Ä‘Ã¡ng 5 sao.,1
Chuyá»ƒn hÃ ng nhanh CÃ³ tem cá»§a Tiki bÃªn ngoÃ i chá»‘ng Ä‘á»•i khÃ¡ lÃ  yÃªn tÃ¢m CÃ³ táº·ng kÃ¨m cá»§ sáº¡c khÃ¡ tiá»n vs mÃ¬nh HÃ ng cháº¥t lÆ°á»£ng,1
Tiki giao hÃ ng nhanh #3h lÃ  nháº­n Ä‘Æ°á»£c mÃ¡y. ÄÃ³ng gÃ³i cáº©n tháº­n. Hiá»‡n táº¡i mÃ¡y hoáº¡t Ä‘á»™ng tá»‘t.,1
"MÃ¡y chÃ­nh hÃ£ng VNA, giao cá»±c nhanh trong 1 tiáº¿ng, nhÃ¢n viÃªn giao hÃ ng nhiá»‡t tÃ¬nh. MÃ¡y Ä‘áº¹p nguyÃªn seal, Ä‘Ã³ng gÃ³i ká»¹ cÃ ng.",1
"Giao Ä‘Ãºng háº¹n, mÃ¡y Ä‘áº¹p bá»c ráº¥t ká»¹. To hÆ¡n 11 pro max 1 xÃ­u xiu.",0
"HÃ ng chÃ­nh hÃ£ng vna, nguyÃªn seal, giao hÃ ng nhanh chÃ­nh xÃ¡c, Ä‘áº·t hÃ ng tá»‘i thá»© sÃ¡u, nháº­n hÃ ng sÃ¡ng thá»© báº£y lÃºc 9h",1
HÃ ng hiáº¿m mÃ  váº«n Ä‘Æ°á»£c giÃ¡ tá»‘t. Tks,1
"Giao hÃ ng nhanh hÆ¡n dá»± kiáº¿n, dá»± kiáº¿n ngÃ y 30/11 nhÆ°ng ngÃ y 27/11 Ä‘Ã£ nháº­n hÃ ng. MÃ u nÃ y blue cá»±c Ä‘áº¹p. â¤ï¸ğŸ˜",1
"HÃ ng chÃ­nh hÃ£ng, giao hÃ ng tÆ°Æ¡ng Ä‘á»‘i lÃ¢u. NÃ³i chung sáº£n pháº©m ok ğŸ‘",0
"GiÃ¡ cháº¥p nháº­n Ä‘Æ°á»£c. Giao hÃ ng Ä‘Ãºng lá»‹ch. Cá»§ sáº¡c nhanh ok. Äiá»‡n thoáº¡i Ä‘Ãºng hÃ ng chÃ­nh hÃ£ng, nguyÃªn seal.",0
"HÃ ng giao chuáº©n.. Ä‘Ã³ng gÃ³i tá»‘t, hÃ ng tá»‘t. NhÃ¢n viÃªn giao hÃ ng dá»… thÆ°Æ¡ng lá»‹ch sá»±",1
mÃ¡y Ä‘áº¹p má»›i chÆ°a acveti phá»¥ kiá»‡n kÃ¨m Ä‘áº§y Ä‘á»§ nhÆ°ng chÆ°a cÃ³ hoÃ¡ Ä‘Æ¡n Ä‘á» :)),0
Äáº·t tá»« 20/11 mÃ  Ä‘áº¿n hÃ´m nay (5/12) má»›i giao hÃ ng. Cháº¥p nháº­n Ä‘c cÃ¡i giÃ¡ thÃ´i.,0
"Cá»±c ká»³ hÃ i lÃ²ng, cáº£m Æ¡n Tiki",1
mÃ¡y chuáº©n nhÆ°ng ko biáº¿t táº¡i sao á»Ÿ viá»n cÃ³ dáº¥u bÃ¡m vÃ¢n tay lÃºc má»Ÿ há»™p,0
"Sáº£n pháº©m ráº¥t ok, giao hÃ ng nhanh, dá»‹ch vá»¥ tá»‘t, cÃ³ nhu cáº§u luÃ´n á»§ng há»™",1
Táº¥t cáº£ má»i thá»© Ä‘á»u tá»‘t. Giao hÃ ng nhanh hÆ¡n thÃ¬ khÃ¡ch hÃ ng cáº£m nháº­n thÃ­ch thÃº hÆ¡n ná»¯a.,1
"HÃ ng VNA Ä‘Ãºng thÃ´ng tin, hoÃ n toÃ n hÃ i lÃ²ng.",1
"Nháº­n trong ngÃ y 27/11 luÃ´n, nhanh, mÃ  canh mÃ£i má»›i cÃ³ mÃ o xanh . meeeee",1
"Giao hÃ ng nhanh láº¯m luÃ´n, hÃ ng chÃ­nh hÃ£ng",1
ChÆ°a tháº¥y coupon giáº£m 40% mua á»‘p UAG,0
"hÃ ng tá»‘t chÃ­nh hÃ£ng, máº·c dÃ¹ mÃ¬nh má»›i mua xong láº¡i giáº£m 1tr hÆ¡i tiáº¿c nhÆ°ng hÃ i lÃ²ng",0
Giao Ä‘Ãºng giá». Set up ngon lÃ nh. QuÃ  táº·ng Ä‘Ãºng lÃºc ;),1
"giao hÃ ng nhanh, ká»¹ , mÃ¡y tá»‘t",1
"Giao nhanh, hang vn/a chÃ­nh hÃ£ng",1
HÃ ng chÃ­nh hÃ£ng. CÃ¡m Æ¡n shop,1
ngÆ°á»i viá»‡t nam váº³n thÃ­ch sÃ i hÃ ng vn/a quÃ¡ chuáº©n,1
hÃ ng mua má»›i 100% cháº¥t lÆ°á»£ng tá»‘t. nguyÃªn seal. Giao hÃ ng nhanh . Thank Tiki,1
"Ráº¥t tuyá»‡t vá»i, giao hÃ ng nhanh quÃ¡, má»›i Ä‘áº·t tá»‘i qua sÃ¡ng nay 8g cÃ³ rá»“i",1
ChÃ­nh sÃ¡ch hoÃ¡ Ä‘Æ¡n trÃªn 20tr support khÃ´ng tá»‘t.,2
Giao hÃ ng nhanh giÃ¡ tá»‘t,0
"Giao hÃ ng cá»±c cháº­m.. Ä‘áº·t ngÃ y 1, Ä‘áº¿n ngÃ y 7 má»›i nháº­n Ä‘Æ°á»£c hÃ ng",2
Giao sá»›m hÆ¡n dá»± kiáº¿n. CÃ³ Ä‘iá»u khÃ´ng tháº¥y mÃ£ giáº£m giÃ¡ uag Ä‘Ã­nh kÃ¨m.,0
thÃ­ch mÃ u xanh hÆ¡n nhÆ°ng mÃ u vÃ ng cÅ©ng Ä‘áº¹p,0
DÃ¹ng Ä‘Æ°á»£c 3 ngÃ y khÃ´ng lÃªn nguá»“n káº¿t qua mang ra hÃ£ng Ä‘ang chá» há»“i Ã¢m,2
Cá»¥c ká»³ hÃ i lÃ²ng. Dá»‹ch vá»¥ tiki tá»‘t.,1
Gá»­i hÃ ng nhanh tá»‘c Ä‘á»™. Tiki xá»‹n xÃ²,1
"Sáº£n pháº©m chÃ­nh hÃ£ng, gia hÃ ng nhanh",1
"Táº·ng anker 18w, trong khi cÃ¡c láº§n trÆ°á»›c mÃ¬nh mua Ä‘á»u 20W",0
mua vá» tráº£i nghiá»‡m coi 12pro vÃ  12pro max nÃ³ khÃ¡c nhau gÃ¬,0
"ÄÃºng mÃ£ VN chÆ°a active, duyá»‡t",1
"HÃ ng chÃ­nh hÃ£ng, giao hÃ ng nhanh",1
"HÃ ng nguyÃªn seal, chÃ­nh hÃ£ng. ÄÃ³ng gÃ³i cáº©n tháº­n. Tks",1
"HÃ ng chuáº©n, thá»§ tá»¥c nhanh gá»n, giao hÃ ng siÃªu nhanh",1
HÃ ng chuáº©n.nhÃ¢n viÃªn tiki Ä‘á»“ng kiá»ƒm má»Ÿ hÃ ng quÃ¡ ok,1
"Ä‘iá»‡n thoáº¡i nguyÃªn seal, giao nhanh, giÃ¡ siÃªu yÃªu",1
"Sáº£n pháº©m Ä‘áº¹p ,cÃ¡m Æ¡n Tiki giao hÃ ng ráº¥t nhanh",1
HÃ i lÃ²ng thiá»‡t sá»±,1
"MÃ u Ä‘áº¹p, giao nhanh nÃ¨, nÃ³i chung ráº¥t lÃ  thÃ­ch",1
HÃ ng chuáº©n giao nhanh.,1
"Giao hÃ ng nhanh, mÃ¡y chuáº©n, nÃ³i chung lÃ  á»•n",1
Giao hÃ ng nhanh uy tÃ­n,1
HÃ ng tá»‘t giÃ¡ tá»‘t,1
"Sáº£n pháº©m ok,chinh hang,giao hÃ ng nhanh",1
"Giao nhanh, Ä‘Ãºng hÃ ng, tuyá»‡t vá»i",1
Giao nhanh hÆ¡n ráº¥t nhiá»u so vá»›i háº¹n,1
"QuÃ¡ tá»‘t, ko gÃ¬ pháº£i phÃ n nÃ n",1
"HÃ i LÃ²ng, vá» sá»›m hÆ¡n 1 ngÃ y",1
iphone 12 pro max xanh Ä‘áº¹p,0
sao khÃ´ng tháº¥y sáº¡c khuyáº¿n máº¡i nhá»‰,0
MÃ¬nh mua Ä‘iá»‡n thoáº¡i nÃ y táº·ng cho ba nÃªn quyáº¿t Ä‘á»‹nh thá»­ mua trÃªn tiki.. Ä‘iá»‡n thoáº¡i nháº¹ cÃ³ há»™p Ä‘á»±ng vÃ  cÃ³ cá»¥c sáº¡c Ä‘i kÃ¨m..Cháº¥t lÆ°á»£ng vá» lÃ¢u dÃ i thÃ¬ mÃ¬nh khÃ´ng biáº¿t nhÆ° tháº¿ nÃ o nhÆ° hiá»‡n táº¡i thÃ¬ sáº£n pháº©m ok ok nhÃ©.. 2 sim 2 sÃ³ng...MÃ u Ä‘en nhá» gá»n nhÆ°ng váº«n sang nam tÃ­nh nhÃ©. â™¥ï¸,1
"Äiá»‡n thoáº¡i tráº§y á»Ÿ 2 Ä‘áº§u. Miáº¿ng dÃ¡n mÃ n hÃ¬nh khÃ´ng cÃ³ nhÆ° Ä‘iá»‡n thoáº¡i má»›i. NhÆ° Ä‘Ã£ bá»‹ sá»­ dá»¥ng. Tháº¥y má»i ngÆ°á»i Ä‘Ã¡nh giÃ¡ tá»‘t nÃªn mua thá»­, nhÆ°ng mua rá»“i giá» tháº¥y khÃ´ng nhÆ° quáº£ng cÃ¡o ğŸ˜¢",2
"MÃ¬nh má»›i nháº­n Ä‘Æ°á»£c Ä‘iá»‡n thoáº¡i, nhÆ°ng mÃ  cÃ³ má»™t phÃ­m ""*"" bá»‹ lá»—i má»—i láº§n mÃ¬nh má»Ÿ bÃ n Ä‘iá»‡n thoáº¡i ráº¥t khÃ³, pháº£i báº¥m nhiá»u láº§n vÃ  áº¥n máº¡nh má»›i má»Ÿ Ä‘Æ°á»£c, láº§n trÆ°á»›c mÃ¬nh mua xÃ i ráº¥t tá»‘t, nÃªn mÃ¬nh má»›i mua láº§n 2, mÃ  láº§n nÃ y láº¡i bá»‹ lá»—i.",0
ráº¥t Æ°ng vá» cÃ¡i váº» bá» ngoÃ i nghe gá»i ok cÃ²n xÃ i bá»n khÃ´ng pin sáº¡c tháº¿ nÃ o thÃ¬ Ã­t ngÃ y ná»­a má»›i biÃªt trÆ°á»›c máº¯t ok láº¯m nÃªn mua nha má»i ngÆ°á»i,1
"vÃ¬ gá»­i cho tÃ´i khÃ´ng pháº£i mÃ¡y tÃ´i mua, mÃ¡y tÃ´i mua lÃ  mÃ¡y THTphone F7 Ä‘á» chá»© Ä‘Ã¢u pháº£i mÃ¡y ANTC nÃ y Ä‘Ã¢u",2
"ÄÃ£ nháº­n Ä‘Æ°á»£c Ä‘iá»‡n thoáº¡i nhÆ° hÃ¬nh ráº¥t ok vá» hÃ¬nh dÃ¡ng máº«u mÃ£, cáº¥u hÃ¬nh, cÃ²n láº¡i pháº£i xÃ i vÃ i thÃ¡ng má»›i biáº¿t Ä‘iá»‡n thoáº¡i ok khÃ´ng",0
"MÃ¬nh mua 2 chiáº¿c mÃ  chiáº¿c mÃ u Ä‘en bÃ¬nh thÆ°á»ng cÃ²n chiáº¿c mÃ u Ä‘á» sáº¡c pin khÃ´ng vÃ o, Ä‘á»•i tráº£ giÃºp mÃ¬nh nha tiki",0
mÃ¡y Ä‘iá»‡n thoáº¡i láº¯p tháº» sim ko nháº­n trong khi sim váº«n hoáº¡t Ä‘á»™ng tá»‘t á»Ÿ cÃ¡c mÃ¡y khÃ¡c?,2
"loa trong k nghe Ä‘Æ°á»£c,chá»‰ má»Ÿ loa ngoÃ i thi má»›i nghe Ä‘Æ°á»£c, shop xem thu há»“i mÃ¡y Ä‘á»•i láº¡i.",2
"ChÃ¡n ghÃª, mua nhiá»u mÃ  báº¡n láº¡i khÃ´ng cÃ³ há»™p mÃ¡y. ToÃ n há»™p thÃ¹ng mÃ¬",2
"nháº¡c chuÃ´ng nghe thÃ¬ lá»›n, nhÆ°ng khi nÃ³i chuyá»‡n Ä‘iá»‡n thoáº¡i Ã¢m thanh cá»§a ngÆ°á»i Ä‘áº§u dÃ¢y kia thÃ¬ nhá»",2
sáº£n pháº©m lá»—i mua vá» ko dÃ¹ng Ä‘c khuyÃªn má»i ngÆ°á»i khÃ´ng nÃªn mua ğŸ™„ğŸ™„ğŸ™„,2
"sáº£n pháº©m nÃ y quÃ¡ tá»“i, khÃ´ng xá»­ dá»¥ng pháº£i cho vÃ o thÃ¹ng rÃ¡c.",2
Sáº£n pháº©m nháº¹ pin thÃ¬ chÆ°a biáº¿t nhÆ° tháº¿ nÃ o dÃ¹ng lÃ m mÃ¡y phá»¥ cháº¯c oke,0
"nhÃ¬n vá» ngoÃ i thÃ¬ ráº¥t Ä‘áº¹p, nhÆ°ng má»—i tá»™i pin quÃ¡ hao nhanh",0
sao khÃ´ng cÃ³ má»¥c Ä‘á»•i tráº£ hÃ ng Ã .mÃ¬nh mua mÃ  sáº¡c pin khÃ´ng vo.muá»‘n Ä‘á»•i tráº£ mÃ  khÃ´ng Ä‘Æ°á»£c,2
saÌ‰n phÃ¢Ì‰m y mÃ¢Ìƒu nhÆ°ng ko sÆ°Ì‰ duÌ£ng Ä‘Æ°Æ¡Ì£c,2
Äiá»‡n thoáº¡i nhÃ¬n khÃ¡ á»•n nhÆ°ng pin bá»‹ phá»“ng vÃ  láº¯p vÃ  ráº¥t khÃ³,2
xÃ i cÃ³ máº¥y hÃ´m khÃ´ng lÃªn nguá»“n hÆ° luÃ´n.khÃ´ng biáº¿t báº£o hÃ nh á»Ÿ Ä‘Ã¢u dá»Ÿm quÃ¡,2
sá»­ dá»¥ng cÅ©ng ok nhÆ°ng khÃ´ng biáº¿t thá»i gian dÃ i thÃ¬ sao.nhÆ°ng pin hao nhanh quÃ¡,0
vá»«a sÃ i Ä‘Æ°á»£c má»™t tuáº§n thÃ¬ hÆ°,2
"khÃ´ng hÃ i lÃ²ng, mÃ¡y khÃ´ng nháº­n Ä‘Æ°á»£c tháº» nhá»›",2
tá»‘t láº³m ráº¥t thÃ­ch Ä‘iá»‡n thoáº¡i nÃ y cho Ä‘iá»ƒm nÄƒm sao,1
giao sai sáº£n pháº©m tá»‡ 1*.,2
Ä‘t nghe gá»i nhÆ°ng sÃ³ng cá»±c yáº¿u,0
táº¡m Ä‘Æ°á»£c nghe gá»i háº¿t pin hÆ¡i nhanh,0
So vá»›i giÃ¡ tiá»n ok...,0
Ä‘áº¹p nhÆ°ng cÃ³ Ä‘iá»u hÆ¡i lá»—i,0
Ä‘Ã³ng gÃ³i Ä‘áº¹p nghe cÅ©ng ok,0
Äáº·t Ã¡o crop top giao Ã¡o Hoodie bá»‹ ngÃ¡o háº£,2
Váº£i quÃ¡ xáº¥u má»ng hÃ¬nh thÃ¬ mÃ u sáº­m khÃ´ng nhÆ° áº£nh ağŸ˜¡,2
Ão ráº¥t sáº¯c nÃ©t. Y nhÆ° hÃ¬nh. KhÃ´ng cÃ³ gÃ¬ phÃ n nÃ n,1
váº£i hÆ¡i má»ng,0
"ÄÃ£ xÃ i qua nhiá»u hÃ£ng tinh dáº§u khÃ¡c nhau, nhÆ°ng láº§n nÃ y mua tinh dáº§u nhÃ£n hiá»‡u nÃ y thÃ¬ mÃ¬nh ráº¥t Æ°ng Ã½. Tá»« máº«u mÃ£ Ä‘áº¹p, sang, Ä‘áº¿n cÃ¡ch Ä‘Ã³ng gÃ³i cáº©n tháº­n Ä‘em láº¡i sá»± tin tÆ°á»Ÿng bÆ°á»›c Ä‘áº§u cho ngÆ°á»i tiÃªu dÃ¹ng. Khi má»Ÿ tinh dáº§u Ä‘á»ƒ sá»­ dá»¥ng thÃ¬ khÃ´ng uá»•ng cÃ´ng láº§n thá»­ nÃ y, tinh dáº§u ráº¥t cháº¥t lÆ°á»£ng vÃ  thÆ¡m ráº¥t tá»± nhiÃªn. MÃ¹i Sáº£ chanh thÆ¡m ngÃ¡t nhÆ° Ä‘ang Ä‘un nÆ°á»›c lÃ¡ sáº£ Ä‘á»ƒ gá»™i dáº§u váº­y - MÃ¹i Báº¡c HÃ  thÃ¬ ngá»t thÃ´i rá»“i , cáº£m giÃ¡c nhÆ° Ä‘ang Äƒn káº¹o áº¥y má»i ngÆ°á»i - MÃ¹i Oáº£i hÆ°Æ¡ng ná»“ng ná»“ng sá»­ dá»¥ng vá»›i mÃ¡y khuáº¿ch tÃ¡n tinh dáº§u thÃ¬ ráº¥t dá»… ngá»§. NÃ³i chung lÃ  hÃ i lÃ²ng láº¯m luÃ´n - Thks Tiki vÃ  Shop - Sáº½ tiáº¿p tá»¥c á»§ng há»™ cho nhá»¯ng láº§n mua sau.",1
"Mua Combo 3 Tinh dáº§u SENSELAB : Sáº£ Chanh - Oáº£i HÆ°Æ¡ng - Báº¡c HÃ  kÃ¨m mÃ¡y khuáº¿ch tÃ¡n tinh dáº§u Ä‘á»u hÃ i lÃ²ng vá»›i nhÃ  cung cáº¥p nÃ y. MÃ¹i hÆ°Æ¡ng thÆ¡m ráº¥t tá»± nhiÃªn vÃ  thÆ¡m lÃ¢u , khÃ´ng háº¯c hay khÃ³ chá»‹u nhÆ° má»™t sá»‘ loáº¡i khÃ¡c tá»«ng xÃ i qua. ÄÃ³ng gÃ³i háº¿t sá»©c cáº©n tháº­n vÃ  Ä‘áº¹p máº¯t, cháº¯c cháº¯n - NhÃ£n hiá»‡u nhÃ¬n Ä‘áº¹p vÃ  sang trá»ng . Ráº¥t hÃ i lÃ²ng vá»›i Tiki vÃ  nhÃ  cung cáº¥p sáº£n pháº©m.",1
"Shop giao hÃ ng nhanh, dá»± kiáº¿n giá»¯a tuáº§n mÃ  Ä‘áº§u tuáº§n hÃ ng Ä‘áº¿n. ÄÃ³ng gÃ³i cáº©n tháº­n, há»™p nhÃ¬n sang. MÃ¹i dá»… chá»‹u, thÆ° giÃ£n, nhá» 3-4 giá»t thÃ´i cÅ©ng Ä‘á»§ thÆ¡m kháº¯p phÃ²ng. TÃ³m láº¡i tá»« lÃºc nháº­n hÃ ng Ä‘áº¿n giá», cÃ¡i gÃ¬ tÃ´i cÅ©ng Æ°ng.",1
"Mua tinh dáº§u cá»§a shop khÃ¡c xÃ´ng thÃ¬ thÆ¡m cáº£ phÃ²ng tá»« trÃªn láº§u xuá»‘ng gÃ¡c. - CÃ²n máº¥y chai nÃ y xÃ´ng Ä‘á»©ng káº¿ bÃªn má»›i cÃ³ mÃ¹i, náº±m xa cÃ¡ch khoáº£ng 2m thÃ´i khÃ´ng cÃ³ ngá»­i Ä‘Æ°á»£c gÃ¬ háº¿t, quÃ¡ tá»‡, má»i ngÆ°á»i Ä‘á»«ng mua, mua vá» mang cá»¥c tá»©c ( tháº¥y máº¥y bÃ¬nh luáº­n trÆ°á»›c mÃ  ko tin, mua dÃ¹ng thá»­, mÃ  tháº­t ik chang luÃ´n) THáº¤T Vá»ŒNG",2
"MÃ¬nh Ä‘áº·t hÃ ng lÃ  2 combo tinh dáº§u sáº£ chanh + oáº£i hÆ°Æ¡ng + báº¡c hÃ  vÃ  báº¡c hÃ  + bÆ°á»Ÿi + oáº£i hÆ°Æ¡ng mÃ  sao láº¡i giao 2 combo sáº£ chanh + oáº£i hÆ°Æ¡ng + báº¡c hÃ ???? Thiáº¿u chai bÆ°á»Ÿi, thá»«a oáº£i hÆ°Æ¡ng. MÃ  chai sáº£ chanh bá»‹ rá»‰ ráº¥t báº©n, tem thÃ¬ khÃ´ng cÃ²n nguyÃªn váº¹n, cÃ³ thá»ƒ do Ä‘Ã³ng gÃ³i áº©u, chai tinh dáº§u rá»›t cÃ²n vÃ i giá»t. Äá» nghá»‹ Tiki giao Ä‘Ãºng sáº£n pháº©m mÃ¬nh Ä‘Ã£ Ä‘áº·t vÃ  xem láº¡i cháº¥t lÆ°á»£ng sáº£n pháº©m khi cung cáº¥p cho ngÆ°á»i mua nhÃ©. Tiki giao thÃ¬ nhanh tháº­t nhÆ°ng mÃ¬nh khÃ´ng hÃ i lÃ²ng vá» sáº£n pháº©m. MÃ¬nh muá»‘n tráº£ hÃ ng!",2
"MÃ¬nh Ä‘áº·t mua 2 combo, 1 combo báº¡c hÃ , sáº£ chanh vÃ  1 combo báº¡c hÃ  sáº£ chanh oáº£i hÆ°Æ¡ng, thiáº¿u máº¥t chai oáº£i hÆ°Æ¡ng rá»“i. Tiki giao bá»• sung hoáº·c cho mÃ¬nh tráº£ hÃ ng nhÃ©. SÃ¡ch mÃ¬nh Ä‘Ã£ nháº­n Ä‘Æ°á»£c, Ä‘Ã³ng gÃ³i ráº¥t cáº©n tháº­n. Thanks tiki",0
"Tinh dÃ¢Ì€u rÃ¢Ìt chÃ¢Ìt lÆ°Æ¡Ì£ng. muÌ€i thÆ¡m rÃ¢Ìt cao cÃ¢Ìp. MaÌƒu maÌƒ Ä‘eÌ£p. combo nÃªn giaÌ reÌ‰ rÃ¢Ìt hÆ¡Ì£p lyÌ.HaÌ£n sÆ°Ì‰ duÌ£ng 2 nÄƒm rÃ¢Ìt daÌ€i. SeÌƒ uÌ‰ng hÃ´Ì£ tiÃªÌp. ÄoÌng goÌi cÃ¢Ì‰n thÃ¢Ì£n, giao haÌ€ng nhanh. CaÌ‰m Æ¡n Tiki",1
"mÃ¹i nháº¡t, nhá» táº­n mÆ°á»i máº¥y giá»t tinh dáº§u sáº£ chanh má»›i nghe mÃ¹i thoang thoáº£ng, Ä‘Ã³ng gÃ³i há»i há»£t, tÃ³m láº¡i tháº¥t vá»ng. bá»ƒ máº¥t 1 chai, Ä‘á»•i láº¡i nha.",2
Nhá» tinh dáº§u vÃ o cháº³ng nghe mÃ¹i thÆ¡m lan ra phÃ²ng gÃ¬ cáº£ dÃ¹ phÃ²ng mÃ¬nh ráº¥t nhá». MÃ¬nh Ä‘Ã£ nhá» háº¿t 1/3 chai tinh dáº§u cho 1 láº§n mÃ  váº«n ko cáº£m nháº­n Ä‘c mÃ¹i thÆ¡m. Cáº£m tháº¥y hÆ¡i tháº¥t vá»ng.,2
"Giao hÃ ng nhanh,Ä‘Ã³ng gÃ³i cáº©n tháº­n nhÆ°ng mÃ¹i oáº£i hÆ°Æ¡ng thÃ¬ háº¯c khÃ´ng thá»ƒ chá»‹u ná»•i,má»Ÿ ra ngá»­i thá»­ mÃ  Ä‘au Ä‘áº§u nguyÃªn ngÃ y. mÃ¹i báº¡c hÃ  ok, mÃ¹i sáº£ chanh táº¡m Ä‘Æ°á»£c.",0
"Sáº£n pháº©m giao nhanh, nhÆ°ng khi sá»­ dá»¥ng cho mÃ¡y tinh dáº§u , thÃ¬ khÃ´ng nghe Ä‘Æ°á»£c báº¥t cá»© mÃ¹i gÃ¬, nhÆ° báº¡c hÃ , oáº£i hÆ°Æ¡ng.. cÅ©ng khÃ´ng nghe Ä‘Æ°á»£c, mÃ¬nh cáº£m tháº¥y khÃ´ng hÃ i lÃ²ng",2
"Giao hÃ ng nhanh nhÆ° mong muá»‘n, sáº£n pháº©m Ä‘Ã³ng gÃ³i Ä‘áº¹p, cháº¥t lÆ°á»£ng nhÆ° hÃ¬nh.",1
"Mua 3 chai cÃ³ 1 chai bá»‹ bÃ³c tem vÃ  cháº£y ra há»™p háº¿t gáº§n ná»¯a chai, mÃ¹i oáº£i hÆ°Æ¡ng ráº¥t Ä‘au Ä‘áº§u :((((((((((((((((((((((((((((((((((((((((((((",2
"Tiki giao hÃ ng nhanh, khÃ´ng Ä‘á»•, vá»¡. Má»›i sá»­ dá»¥ng chai lavender, cáº£m nháº­n mÃ¹i hÆ°Æ¡ng nháº¹ nhÃ ng, dá»… chá»‹u.",1
"Bao bá»c cáº©n tháº­n, tá»‰ má»‰! Giao hÃ ng nhanh! Sáº½ Ä‘Ã¡nh giÃ¡ ká»¹ sáº£n pháº©m sau khi dÃ¹ng!",1
"Cháº¥t lÆ°á»£ng tá»‘t, xÃ i thÆ¡m , Ä‘áº¹p, ráº¥t lÃ  thÃ­ch! Sáº½ cÃ²n á»§ng há»™ dÃ i dÃ i",1
MÃ¹i báº¡c hÃ  vÃ  mÃ¹i chanh sáº£ ráº¥t thÆ¡m nhÆ°ng mÃ¹i oáº£i hÆ°Æ¡ng láº¡i ná»“ng vÃ  háº¯c,0
Ko nhÆ° quáº£ng cÃ¡o nhá» nhiá»u nhÆ°ng mÃ¹i hÆ°Æ¡ng ráº¥t Ã­t - tiá»n nÃ o cá»§a Ä‘Ã³,2
"hÃ ng khÃ´ng cÃ³ mÃ¹i vá»‹ gÃ¬? bá» vÃ o mÃ¡y tá»a hÆ°Æ¡ng, cháº£ cÃ³ mÃ¹i gÃ¬?",2
"Ä‘Ã³ng gÃ³i kÄ©. anh giao hÃ ng nhiá»‡t tÃ¬nh, cÃ³ tÃ¢m. cáº£m Æ¡n nhiá»u!!",1
MÃ¹i Lavender khÃ´ng giá»‘ng láº¯m nghe giá»‘ng mÃ¹i Sáº£ chanh hÆ¡n,2
mÃ¹i khÃ´ng thÆ¡m nhÆ° quáº£ng cÃ¡o,2
giao hÃ ng nhanh. Ä‘Ã³ng gÃ³i cáº©n tháº­n. máº«u mÃ£ Ä‘áº¹p.,1
5 sao cho tinh dáº§u vÃ  -1 sao cho ngÆ°á»i váº­n chuyá»ƒn.,0
"ráº¥t thÆ¡m, giao hÃ ng nhanh.má»i ngÆ°á»i tin dÃ¹ng nhÃ©. cáº£m Æ¡n",1
"MÃ¹i quÃ¡ kinh khá»§ng, ko thá»ƒ táº£ nÃ³ nhÆ° tháº¿ nÃ o, phÃ­ tiá»n",2
MÃ¹i hÆ°Æ¡ng chÆ°a thá»±c sá»± thuyáº¿t phá»¥c.ğŸ™,2
ChÆ°a biáº¿t nÃªn xÃ i thá»­.mÃ¬nh bá»‹ mÅ©i dá»‹ á»©ng nÃªn khÃ´ng chá»‹u,0
"ÄÃ³ng gÃ³i kÄ©, mÃ¹i thÆ¡m nháº¹ cháº¯c do mÃ¬nh dÃ¹ng quáº¡t",0
"mÃ¹i dá»… chá»‹u, thÆ¡m",1
thÆ¡m láº¯m nhoa,1
sáº£n pháº©m ok ma mÃ¹i oáº£i hÆ°Æ¡ng chÆ°a thÆ¡m láº¯m,0
"mÃ¹i hÆ°Æ¡ng ko Ä‘Æ°á»£c nhiá»u , khÃ´ng lÆ°u hÆ°Æ¡ng lÃ¢u .",2
mua hÃ ng á»Ÿ tiki mÃ¬nh tháº­t sá»± hÃ i lÃ²ng,1
sáº£n pháº©m khÃ´ng mÃ¹i thÆ¡m gÃ¬ áº¡,0
HÆ°Æ¡ng vá»‹ ko Ä‘áº·c trÆ°ng láº¯m,0
táº¡m Ä‘Æ°á»£c. chÆ°a Ä‘áº¡t tiÃªu chuáº©n,2
ThÆ¡m. Váº­n chuyá»ƒn tá»‘t. KhÃ´ng hÆ° bá»ƒ.,0
Sáº£n pháº©m chuáº©n nhÆ° quáº£ng cÃ¡o,0
ÄÃºng hÃ ng. DÃ¹ng tá»‘t,0
"Nhá», Ã­t quÃ¡................",2
MÃ¹i lavender khÃ´ng Ä‘Ãºng,2
nhá» hÆ¡n 10 giá»t mÃ  khÃ´ng thÆ¡m,2
"Tiki giao nhanh , tá»‘n Ã­t phÃ­ nhÆ°ng ok",0
Chua dÃ¹ng thay Ä‘Ã³ng gÃ³i cÅ©ng Ä‘áº¹p,0
ai cÃ³ nhu cáº§u cÃ³ thá»ƒ mua,0
"MÃ¹i thÆ¡m ., giao hÃ ng nhanh",0
OK Ä‘Ã³ng gá»i Ä‘áº¹p,0
"HÃ ng ok, giao nhanh",0
khÃ´ng thÆ¡m láº¯m,2
Mau bay khÃ´ng lÆ°u hÆ°Æ¡ng lÃ¢u,2
"Sáº£n pháº©m tá»‘t, giao hÃ ng nhanh",0
tinh dáº§u ná»“ng vÃ  thÆ¡m,0
HÃ i lÃ²ng vá»›i sáº£n pháº©m,0
MÃ¹i cháº³ng ra lÃ m sao,2
hÃ ng tá»‘t,0
